{"stats":{"minecraft:used":{"minecraft:shroomlight":1,"minecraft:oak_fence":71,"minecraft:debug_stick":152,"minecraft:light":6,"minecraft:sand":14,"minecraft:acacia_sign":2,"minecraft:birch_planks":1,"minecraft:stripped_birch_log":8,"minecraft:spruce_stairs":1,"minecraft:birch_wood":36,"minecraft:cobblestone_wall":9,"minecraft:smooth_stone_slab":7,"minecraft:oak_sign":4,"minecraft:gold_block":2,"minecraft:oak_wood":245,"minecraft:stripped_oak_log":2,"minecraft:stone_brick_wall":11,"minecraft:spruce_fence":37,"minecraft:smooth_stone":2},"minecraft:picked_up":{"minecraft:wooden_axe":4,"minecraft:oak_wood":1,"minecraft:debug_stick":4,"minecraft:redstone_block":1088,"minecraft:oak_sign":1,"minecraft:smooth_stone":3,"minecraft:birch_wood":193,"minecraft:spruce_fence":1,"minecraft:spruce_slab":1,"minecraft:cobblestone_wall":1},"minecraft:dropped":{"minecraft:redstone_block":1088},"minecraft:custom":{"minecraft:time_since_rest":578,"minecraft:deaths":48,"minecraft:crouch_one_cm":2017,"minecraft:sprint_one_cm":11678,"minecraft:play_time":93493,"minecraft:damage_taken":30,"minecraft:walk_one_cm":35770,"minecraft:sneak_time":1731,"minecraft:walk_under_water_one_cm":14338,"minecraft:drop":18,"minecraft:jump":170,"minecraft:damage_dealt":20,"minecraft:leave_game":30,"minecraft:walk_on_water_one_cm":4000,"minecraft:time_since_death":553,"minecraft:total_world_time":93493,"minecraft:fall_one_cm":1318,"minecraft:fly_one_cm":413989}},"DataVersion":3465}