{"stats":{"minecraft:used":{"minecraft:shroomlight":1,"minecraft:oak_fence":71,"minecraft:debug_stick":75,"minecraft:light":6,"minecraft:sand":14,"minecraft:acacia_sign":2,"minecraft:spruce_stairs":1,"minecraft:oak_sign":4,"minecraft:gold_block":2,"minecraft:oak_wood":245,"minecraft:spruce_fence":37,"minecraft:smooth_stone":1},"minecraft:picked_up":{"minecraft:redstone_block":1088,"minecraft:oak_sign":1},"minecraft:dropped":{"minecraft:redstone_block":1088},"minecraft:custom":{"minecraft:time_since_rest":81493,"minecraft:crouch_one_cm":1843,"minecraft:sprint_one_cm":9286,"minecraft:play_time":81493,"minecraft:damage_taken":30,"minecraft:walk_one_cm":31913,"minecraft:sneak_time":1566,"minecraft:walk_under_water_one_cm":14338,"minecraft:drop":18,"minecraft:jump":115,"minecraft:damage_dealt":20,"minecraft:leave_game":30,"minecraft:walk_on_water_one_cm":3991,"minecraft:time_since_death":81493,"minecraft:total_world_time":81493,"minecraft:fall_one_cm":1318,"minecraft:fly_one_cm":406188}},"DataVersion":3465}