{"stats":{"minecraft:used":{"minecraft:shroomlight":1,"minecraft:oak_log":152,"minecraft:oak_fence":71,"minecraft:dark_oak_stairs":8,"minecraft:dark_oak_planks":7,"minecraft:lever":1,"minecraft:light":6,"minecraft:acacia_sign":2,"minecraft:dark_oak_log":16,"minecraft:birch_planks":1,"minecraft:lantern":37,"minecraft:stripped_birch_log":128,"minecraft:spruce_slab":118,"minecraft:redstone":17,"minecraft:ladder":13,"minecraft:oak_planks":12,"minecraft:birch_wood":120,"minecraft:oak_sign":4,"minecraft:chest":2,"minecraft:cherry_planks":72,"minecraft:dark_oak_slab":151,"minecraft:spruce_trapdoor":66,"minecraft:spruce_sign":26,"minecraft:spruce_fence_gate":138,"minecraft:barrel":33,"minecraft:debug_stick":152,"minecraft:sand":14,"minecraft:dark_oak_trapdoor":9,"minecraft:redstone_lamp":17,"minecraft:stripped_dark_oak_log":553,"minecraft:oak_slab":51,"minecraft:hopper":1,"minecraft:spruce_stairs":74,"minecraft:cobblestone_wall":9,"minecraft:campfire":64,"minecraft:andesite":18,"minecraft:gold_block":2,"minecraft:smooth_stone_slab":7,"minecraft:oak_wood":267,"minecraft:stripped_oak_log":252,"minecraft:stone_brick_wall":11,"minecraft:spruce_fence":121,"minecraft:dead_brain_coral_block":35,"minecraft:stripped_spruce_log":375,"minecraft:smooth_stone":2,"minecraft:splash_potion":4},"minecraft:custom":{"minecraft:time_since_rest":161102,"minecraft:sprint_one_cm":94237,"minecraft:damage_taken":30,"minecraft:walk_one_cm":210353,"minecraft:drop":20,"minecraft:damage_dealt":20,"minecraft:fly_one_cm":1181342,"minecraft:open_barrel":2,"minecraft:crouch_one_cm":13484,"minecraft:play_time":284320,"minecraft:deaths":50,"minecraft:sneak_time":9458,"minecraft:walk_under_water_one_cm":14338,"minecraft:jump":527,"minecraft:leave_game":36,"minecraft:walk_on_water_one_cm":4000,"minecraft:time_since_death":161071,"minecraft:climb_one_cm":282,"minecraft:total_world_time":284320,"minecraft:fall_one_cm":1318},"minecraft:dropped":{"minecraft:wooden_axe":1,"minecraft:debug_stick":1,"minecraft:redstone_block":1088},"minecraft:picked_up":{"minecraft:wooden_axe":6,"minecraft:debug_stick":6,"minecraft:redstone_block":1088,"minecraft:spruce_fence":1,"minecraft:birch_planks":64,"minecraft:cobblestone_wall":1,"minecraft:stripped_birch_log":134,"minecraft:lantern":2,"minecraft:oak_wood":1,"minecraft:oak_sign":1,"minecraft:smooth_stone":4,"minecraft:birch_wood":477,"minecraft:spruce_slab":1}},"DataVersion":3465}