{"stats":{"minecraft:used":{"minecraft:oak_fence":71,"minecraft:spruce_slab":185,"minecraft:redstone":17,"minecraft:ladder":24,"minecraft:dead_brain_coral":1,"minecraft:bamboo_sign":1,"minecraft:oak_sign":4,"minecraft:light_gray_carpet":1,"minecraft:chest":2,"minecraft:stone":4,"minecraft:debug_stick":152,"minecraft:dirt":22,"minecraft:anvil":8,"minecraft:hopper":1,"minecraft:spruce_stairs":108,"minecraft:cobblestone_wall":9,"minecraft:dead_tube_coral":1,"minecraft:oak_wood":278,"minecraft:jungle_trapdoor":44,"minecraft:dead_brain_coral_block":51,"minecraft:spruce_fence":169,"minecraft:stripped_spruce_log":393,"minecraft:shroomlight":2,"minecraft:andesite_wall":44,"minecraft:dark_oak_planks":60,"minecraft:honeycomb":1,"minecraft:spruce_wood":1,"minecraft:lantern":80,"minecraft:grass_block":3,"minecraft:oak_stairs":18,"minecraft:polished_andesite_stairs":40,"minecraft:dark_oak_slab":154,"minecraft:barrel":34,"minecraft:item_frame":5,"minecraft:birch_trapdoor":8,"minecraft:glowstone":9,"minecraft:red_carpet":7,"minecraft:redstone_lamp":17,"minecraft:scaffolding":8,"minecraft:acacia_fence":3,"minecraft:gold_block":2,"minecraft:stone_pressure_plate":12,"minecraft:seagrass":15,"minecraft:dark_oak_stairs":208,"minecraft:water_bucket":61,"minecraft:end_rod":2,"minecraft:birch_planks":1,"minecraft:stripped_birch_log":128,"minecraft:birch_leaves":26,"minecraft:oak_planks":12,"minecraft:birch_wood":120,"minecraft:cherry_planks":72,"minecraft:composter":1,"minecraft:spruce_sign":26,"minecraft:spruce_fence_gate":342,"minecraft:glow_ink_sac":1,"minecraft:brain_coral":2,"minecraft:dark_oak_trapdoor":47,"minecraft:sand":14,"minecraft:stripped_dark_oak_log":649,"minecraft:oak_slab":73,"minecraft:loom":1,"minecraft:black_banner":3,"minecraft:campfire":67,"minecraft:dead_bubble_coral":1,"minecraft:stone_brick_wall":11,"minecraft:smoker":1,"minecraft:birch_fence":2,"minecraft:oak_log":375,"minecraft:mud":28,"minecraft:lever":2,"minecraft:flower_pot":3,"minecraft:light":7,"minecraft:acacia_sign":2,"minecraft:birch_fence_gate":2,"minecraft:dark_oak_log":18,"minecraft:dead_fire_coral":1,"minecraft:barrier":8,"minecraft:spruce_trapdoor":96,"minecraft:polished_andesite_slab":7,"minecraft:dead_horn_coral":3,"minecraft:dead_horn_coral_fan":2,"minecraft:grindstone":6,"minecraft:red_banner":8,"minecraft:andesite":125,"minecraft:smooth_stone_slab":86,"minecraft:sea_pickle":20,"minecraft:stripped_oak_log":292,"minecraft:kelp":40,"minecraft:smooth_stone":2,"minecraft:splash_potion":4},"minecraft:custom":{"minecraft:interact_with_anvil":7,"minecraft:open_barrel":3,"minecraft:leave_game":36,"minecraft:time_since_death":74099,"minecraft:climb_one_cm":1860,"minecraft:sprint_one_cm":164798,"minecraft:walk_one_cm":390198,"minecraft:drop":51,"minecraft:talked_to_villager":2,"minecraft:play_time":434320,"minecraft:deaths":59,"minecraft:sneak_time":19321,"minecraft:walk_under_water_one_cm":41496,"minecraft:jump":997,"minecraft:walk_on_water_one_cm":14124,"minecraft:total_world_time":434320,"minecraft:interact_with_loom":5,"minecraft:pot_flower":1,"minecraft:interact_with_grindstone":1,"minecraft:time_since_rest":74130,"minecraft:damage_taken":30,"minecraft:damage_dealt":30,"minecraft:swim_one_cm":3285,"minecraft:fly_one_cm":1942461,"minecraft:crouch_one_cm":32473,"minecraft:interact_with_smoker":1,"minecraft:fall_one_cm":1318},"minecraft:dropped":{"minecraft:spruce_sign":1,"minecraft:stripped_spruce_log":1,"minecraft:oak_slab":1,"minecraft:dark_oak_stairs":1,"minecraft:oak_log":1,"minecraft:dark_oak_slab":1,"minecraft:cobblestone":1,"minecraft:andesite_wall":2,"minecraft:lantern":9,"minecraft:spruce_stairs":1,"minecraft:spruce_fence_gate":1,"minecraft:dirt":1,"minecraft:redstone_lamp":1,"minecraft:dark_oak_trapdoor":1,"minecraft:wooden_axe":1,"minecraft:cherry_planks":1,"minecraft:polished_andesite_stairs":1,"minecraft:dark_oak_planks":1,"minecraft:redstone_block":1088,"minecraft:redstone":1,"minecraft:anvil":1,"minecraft:lever":1,"minecraft:smooth_stone_slab":1,"minecraft:stripped_dark_oak_log":2,"minecraft:birch_wood":1,"minecraft:stripped_oak_log":1,"minecraft:jungle_trapdoor":1,"minecraft:debug_stick":1,"minecraft:spruce_fence":2,"minecraft:sea_pickle":1,"minecraft:ladder":2,"minecraft:barrel":1,"minecraft:spruce_slab":1,"minecraft:acacia_fence":1},"minecraft:picked_up":{"minecraft:wooden_axe":6,"minecraft:redstone_block":1088,"minecraft:ladder":13,"minecraft:anvil":1,"minecraft:redstone_lamp":1,"minecraft:jungle_trapdoor":1,"minecraft:dark_oak_trapdoor":1,"minecraft:smooth_stone_slab":1,"minecraft:oak_sign":1,"minecraft:sea_pickle":1,"minecraft:smooth_stone":4,"minecraft:spruce_slab":4,"minecraft:sugar_cane":6,"minecraft:acacia_fence":1,"minecraft:spruce_fence":3,"minecraft:spruce_stairs":1,"minecraft:redstone":1,"minecraft:dark_oak_planks":1,"minecraft:andesite_wall":2,"minecraft:cobblestone":1,"minecraft:stripped_oak_log":1,"minecraft:birch_leaves":2,"minecraft:cherry_planks":1,"minecraft:birch_planks":64,"minecraft:oak_log":1,"minecraft:cobblestone_wall":1,"minecraft:stripped_birch_log":134,"minecraft:dirt":1,"minecraft:lantern":19,"minecraft:kelp":1,"minecraft:birch_wood":478,"minecraft:dark_oak_stairs":1,"minecraft:debug_stick":6,"minecraft:polished_andesite_stairs":1,"minecraft:oak_slab":1,"minecraft:dark_oak_slab":1,"minecraft:stripped_spruce_log":1,"minecraft:barrel":1,"minecraft:oak_wood":1,"minecraft:spruce_fence_gate":1,"minecraft:lever":1,"minecraft:spruce_sign":1,"minecraft:stripped_dark_oak_log":2}},"DataVersion":3465}