{"stats":{"minecraft:used":{"minecraft:shroomlight":1,"minecraft:oak_fence":71,"minecraft:light":6,"minecraft:acacia_sign":2,"minecraft:birch_planks":1,"minecraft:stripped_birch_log":8,"minecraft:oak_planks":12,"minecraft:birch_wood":36,"minecraft:oak_sign":4,"minecraft:debug_stick":152,"minecraft:sand":14,"minecraft:spruce_stairs":1,"minecraft:cobblestone_wall":9,"minecraft:gold_block":2,"minecraft:smooth_stone_slab":7,"minecraft:oak_wood":252,"minecraft:stone_brick_wall":11,"minecraft:stripped_oak_log":2,"minecraft:spruce_fence":37,"minecraft:smooth_stone":2},"minecraft:picked_up":{"minecraft:wooden_axe":6,"minecraft:debug_stick":6,"minecraft:redstone_block":1088,"minecraft:birch_planks":64,"minecraft:spruce_fence":1,"minecraft:cobblestone_wall":1,"minecraft:stripped_birch_log":134,"minecraft:oak_wood":1,"minecraft:oak_sign":1,"minecraft:smooth_stone":4,"minecraft:birch_wood":477,"minecraft:spruce_slab":1},"minecraft:dropped":{"minecraft:wooden_axe":1,"minecraft:debug_stick":1,"minecraft:redstone_block":1088},"minecraft:custom":{"minecraft:time_since_rest":12578,"minecraft:sprint_one_cm":18556,"minecraft:walk_one_cm":39666,"minecraft:damage_taken":30,"minecraft:drop":20,"minecraft:damage_dealt":20,"minecraft:fly_one_cm":430496,"minecraft:crouch_one_cm":2066,"minecraft:play_time":105493,"minecraft:deaths":48,"minecraft:sneak_time":1782,"minecraft:walk_under_water_one_cm":14338,"minecraft:jump":200,"minecraft:time_since_death":12553,"minecraft:leave_game":30,"minecraft:walk_on_water_one_cm":4000,"minecraft:total_world_time":105493,"minecraft:fall_one_cm":1318}},"DataVersion":3465}