{"stats":{"minecraft:used":{"minecraft:oak_fence":71,"minecraft:dark_oak_stairs":208,"minecraft:water_bucket":61,"minecraft:end_rod":2,"minecraft:birch_planks":1,"minecraft:stripped_birch_log":128,"minecraft:birch_leaves":26,"minecraft:spruce_slab":185,"minecraft:redstone":17,"minecraft:oak_planks":12,"minecraft:ladder":24,"minecraft:birch_wood":120,"minecraft:oak_sign":4,"minecraft:chest":2,"minecraft:cherry_planks":72,"minecraft:spruce_sign":26,"minecraft:spruce_fence_gate":342,"minecraft:debug_stick":152,"minecraft:brain_coral":2,"minecraft:dark_oak_trapdoor":28,"minecraft:dirt":22,"minecraft:sand":14,"minecraft:anvil":7,"minecraft:stripped_dark_oak_log":649,"minecraft:oak_slab":73,"minecraft:hopper":1,"minecraft:spruce_stairs":89,"minecraft:cobblestone_wall":9,"minecraft:campfire":64,"minecraft:oak_wood":278,"minecraft:jungle_trapdoor":44,"minecraft:stone_brick_wall":11,"minecraft:spruce_fence":168,"minecraft:dead_brain_coral_block":51,"minecraft:mud":28,"minecraft:stripped_spruce_log":393,"minecraft:andesite_wall":44,"minecraft:shroomlight":2,"minecraft:oak_log":375,"minecraft:dark_oak_planks":60,"minecraft:lever":2,"minecraft:flower_pot":1,"minecraft:light":7,"minecraft:acacia_sign":2,"minecraft:dark_oak_log":18,"minecraft:grass_block":3,"minecraft:spruce_wood":1,"minecraft:lantern":78,"minecraft:oak_stairs":15,"minecraft:polished_andesite_stairs":40,"minecraft:dark_oak_slab":154,"minecraft:spruce_trapdoor":79,"minecraft:barrel":33,"minecraft:polished_andesite_slab":7,"minecraft:glowstone":9,"minecraft:redstone_lamp":17,"minecraft:grindstone":6,"minecraft:andesite":125,"minecraft:acacia_fence":3,"minecraft:gold_block":2,"minecraft:smooth_stone_slab":86,"minecraft:sea_pickle":20,"minecraft:stone_pressure_plate":12,"minecraft:stripped_oak_log":292,"minecraft:kelp":16,"minecraft:smooth_stone":2,"minecraft:seagrass":15,"minecraft:splash_potion":4},"minecraft:custom":{"minecraft:open_barrel":2,"minecraft:pot_flower":1,"minecraft:leave_game":36,"minecraft:time_since_death":26099,"minecraft:climb_one_cm":1646,"minecraft:time_since_rest":26130,"minecraft:walk_one_cm":350580,"minecraft:sprint_one_cm":153737,"minecraft:damage_taken":30,"minecraft:drop":51,"minecraft:damage_dealt":30,"minecraft:swim_one_cm":3285,"minecraft:talked_to_villager":2,"minecraft:fly_one_cm":1914677,"minecraft:crouch_one_cm":29784,"minecraft:play_time":386320,"minecraft:deaths":59,"minecraft:sneak_time":17526,"minecraft:walk_under_water_one_cm":40798,"minecraft:jump":906,"minecraft:walk_on_water_one_cm":14039,"minecraft:total_world_time":386320,"minecraft:fall_one_cm":1318},"minecraft:dropped":{"minecraft:spruce_sign":1,"minecraft:anvil":1,"minecraft:stripped_spruce_log":1,"minecraft:oak_slab":1,"minecraft:dark_oak_stairs":1,"minecraft:lever":1,"minecraft:oak_log":1,"minecraft:smooth_stone_slab":1,"minecraft:dark_oak_slab":1,"minecraft:stripped_dark_oak_log":2,"minecraft:cobblestone":1,"minecraft:andesite_wall":2,"minecraft:lantern":9,"minecraft:birch_wood":1,"minecraft:stripped_oak_log":1,"minecraft:jungle_trapdoor":1,"minecraft:debug_stick":1,"minecraft:spruce_stairs":1,"minecraft:spruce_fence":2,"minecraft:spruce_fence_gate":1,"minecraft:redstone_lamp":1,"minecraft:dirt":1,"minecraft:sea_pickle":1,"minecraft:dark_oak_trapdoor":1,"minecraft:wooden_axe":1,"minecraft:cherry_planks":1,"minecraft:ladder":2,"minecraft:barrel":1,"minecraft:polished_andesite_stairs":1,"minecraft:spruce_slab":1,"minecraft:dark_oak_planks":1,"minecraft:acacia_fence":1,"minecraft:redstone_block":1088,"minecraft:redstone":1},"minecraft:picked_up":{"minecraft:wooden_axe":6,"minecraft:stripped_oak_log":1,"minecraft:birch_leaves":2,"minecraft:cherry_planks":1,"minecraft:redstone_block":1088,"minecraft:ladder":13,"minecraft:anvil":1,"minecraft:redstone_lamp":1,"minecraft:birch_planks":64,"minecraft:oak_log":1,"minecraft:cobblestone_wall":1,"minecraft:dark_oak_trapdoor":1,"minecraft:jungle_trapdoor":1,"minecraft:dirt":1,"minecraft:stripped_birch_log":134,"minecraft:lantern":19,"minecraft:smooth_stone_slab":1,"minecraft:kelp":1,"minecraft:sea_pickle":1,"minecraft:oak_sign":1,"minecraft:smooth_stone":4,"minecraft:birch_wood":478,"minecraft:spruce_slab":4,"minecraft:sugar_cane":6,"minecraft:dark_oak_stairs":1,"minecraft:oak_slab":1,"minecraft:polished_andesite_stairs":1,"minecraft:dark_oak_slab":1,"minecraft:debug_stick":6,"minecraft:acacia_fence":1,"minecraft:spruce_stairs":1,"minecraft:spruce_fence":3,"minecraft:stripped_spruce_log":1,"minecraft:redstone":1,"minecraft:barrel":1,"minecraft:dark_oak_planks":1,"minecraft:andesite_wall":2,"minecraft:oak_wood":1,"minecraft:spruce_fence_gate":1,"minecraft:lever":1,"minecraft:spruce_sign":1,"minecraft:stripped_dark_oak_log":2,"minecraft:cobblestone":1}},"DataVersion":3465}