{"stats":{"minecraft:used":{"minecraft:oak_fence":71,"minecraft:dark_oak_stairs":208,"minecraft:water_bucket":57,"minecraft:end_rod":2,"minecraft:birch_planks":1,"minecraft:stripped_birch_log":128,"minecraft:birch_leaves":25,"minecraft:spruce_slab":145,"minecraft:redstone":17,"minecraft:oak_planks":12,"minecraft:ladder":23,"minecraft:birch_wood":120,"minecraft:oak_sign":4,"minecraft:chest":2,"minecraft:cherry_planks":72,"minecraft:spruce_sign":26,"minecraft:spruce_fence_gate":321,"minecraft:debug_stick":152,"minecraft:dark_oak_trapdoor":9,"minecraft:sand":14,"minecraft:anvil":7,"minecraft:stripped_dark_oak_log":648,"minecraft:oak_slab":51,"minecraft:hopper":1,"minecraft:spruce_stairs":74,"minecraft:cobblestone_wall":9,"minecraft:campfire":64,"minecraft:oak_wood":267,"minecraft:stone_brick_wall":11,"minecraft:spruce_fence":157,"minecraft:dead_brain_coral_block":51,"minecraft:stripped_spruce_log":393,"minecraft:andesite_wall":42,"minecraft:shroomlight":1,"minecraft:oak_log":375,"minecraft:dark_oak_planks":60,"minecraft:lever":1,"minecraft:flower_pot":1,"minecraft:light":6,"minecraft:acacia_sign":2,"minecraft:dark_oak_log":18,"minecraft:spruce_wood":1,"minecraft:lantern":57,"minecraft:polished_andesite_stairs":24,"minecraft:dark_oak_slab":154,"minecraft:spruce_trapdoor":79,"minecraft:barrel":33,"minecraft:glowstone":9,"minecraft:redstone_lamp":17,"minecraft:andesite":125,"minecraft:acacia_fence":3,"minecraft:gold_block":2,"minecraft:smooth_stone_slab":86,"minecraft:sea_pickle":12,"minecraft:stone_pressure_plate":12,"minecraft:stripped_oak_log":291,"minecraft:kelp":11,"minecraft:smooth_stone":2,"minecraft:seagrass":5,"minecraft:splash_potion":4},"minecraft:custom":{"minecraft:open_barrel":2,"minecraft:pot_flower":1,"minecraft:leave_game":36,"minecraft:time_since_death":215071,"minecraft:climb_one_cm":894,"minecraft:time_since_rest":215102,"minecraft:walk_one_cm":304711,"minecraft:sprint_one_cm":123136,"minecraft:damage_taken":30,"minecraft:drop":20,"minecraft:damage_dealt":30,"minecraft:talked_to_villager":2,"minecraft:fly_one_cm":1550594,"minecraft:crouch_one_cm":25163,"minecraft:play_time":338320,"minecraft:deaths":50,"minecraft:sneak_time":14904,"minecraft:walk_under_water_one_cm":19798,"minecraft:jump":711,"minecraft:walk_on_water_one_cm":9203,"minecraft:total_world_time":338320,"minecraft:fall_one_cm":1318},"minecraft:dropped":{"minecraft:debug_stick":1,"minecraft:wooden_axe":1,"minecraft:redstone_block":1088},"minecraft:picked_up":{"minecraft:wooden_axe":6,"minecraft:redstone_block":1088,"minecraft:birch_planks":64,"minecraft:cobblestone_wall":1,"minecraft:stripped_birch_log":134,"minecraft:lantern":5,"minecraft:oak_sign":1,"minecraft:smooth_stone":4,"minecraft:birch_wood":477,"minecraft:spruce_slab":1,"minecraft:debug_stick":6,"minecraft:spruce_fence":1,"minecraft:oak_wood":1}},"DataVersion":3465}