{"stats":{"minecraft:used":{"minecraft:oak_fence":71,"minecraft:oak_sign":4,"minecraft:sand":14,"minecraft:oak_wood":231},"minecraft:picked_up":{"minecraft:redstone_block":1088,"minecraft:oak_sign":1},"minecraft:dropped":{"minecraft:redstone_block":1088},"minecraft:custom":{"minecraft:jump":97,"minecraft:time_since_rest":69493,"minecraft:damage_dealt":20,"minecraft:damage_taken":30,"minecraft:leave_game":30,"minecraft:crouch_one_cm":1290,"minecraft:play_time":69493,"minecraft:time_since_death":69493,"minecraft:sprint_one_cm":5145,"minecraft:walk_one_cm":23862,"minecraft:walk_on_water_one_cm":3991,"minecraft:sneak_time":1266,"minecraft:total_world_time":69493,"minecraft:walk_under_water_one_cm":14338,"minecraft:fall_one_cm":1107,"minecraft:drop":18,"minecraft:fly_one_cm":242369}},"DataVersion":3465}