{"stats":{"minecraft:used":{"minecraft:shroomlight":1,"minecraft:oak_log":323,"minecraft:oak_fence":71,"minecraft:dark_oak_stairs":208,"minecraft:dark_oak_planks":60,"minecraft:lever":1,"minecraft:light":6,"minecraft:end_rod":2,"minecraft:acacia_sign":2,"minecraft:dark_oak_log":16,"minecraft:birch_planks":1,"minecraft:lantern":37,"minecraft:stripped_birch_log":128,"minecraft:spruce_slab":145,"minecraft:redstone":17,"minecraft:ladder":23,"minecraft:oak_planks":12,"minecraft:birch_wood":120,"minecraft:oak_sign":4,"minecraft:chest":2,"minecraft:cherry_planks":72,"minecraft:dark_oak_slab":154,"minecraft:spruce_trapdoor":66,"minecraft:spruce_sign":26,"minecraft:spruce_fence_gate":138,"minecraft:barrel":33,"minecraft:debug_stick":152,"minecraft:sand":14,"minecraft:dark_oak_trapdoor":9,"minecraft:redstone_lamp":17,"minecraft:anvil":7,"minecraft:stripped_dark_oak_log":648,"minecraft:oak_slab":51,"minecraft:hopper":1,"minecraft:acacia_fence":3,"minecraft:spruce_stairs":74,"minecraft:cobblestone_wall":9,"minecraft:campfire":64,"minecraft:andesite":18,"minecraft:gold_block":2,"minecraft:smooth_stone_slab":86,"minecraft:oak_wood":267,"minecraft:stripped_oak_log":291,"minecraft:stone_brick_wall":11,"minecraft:spruce_fence":134,"minecraft:dead_brain_coral_block":35,"minecraft:stripped_spruce_log":393,"minecraft:smooth_stone":2,"minecraft:splash_potion":4,"minecraft:andesite_wall":8},"minecraft:custom":{"minecraft:time_since_rest":197102,"minecraft:sprint_one_cm":106416,"minecraft:damage_taken":30,"minecraft:walk_one_cm":261828,"minecraft:drop":20,"minecraft:damage_dealt":30,"minecraft:talked_to_villager":2,"minecraft:fly_one_cm":1452192,"minecraft:open_barrel":2,"minecraft:crouch_one_cm":23393,"minecraft:play_time":320320,"minecraft:deaths":50,"minecraft:sneak_time":13600,"minecraft:walk_under_water_one_cm":14338,"minecraft:jump":644,"minecraft:leave_game":36,"minecraft:walk_on_water_one_cm":4000,"minecraft:time_since_death":197071,"minecraft:climb_one_cm":894,"minecraft:total_world_time":320320,"minecraft:fall_one_cm":1318},"minecraft:dropped":{"minecraft:wooden_axe":1,"minecraft:debug_stick":1,"minecraft:redstone_block":1088},"minecraft:picked_up":{"minecraft:wooden_axe":6,"minecraft:debug_stick":6,"minecraft:redstone_block":1088,"minecraft:spruce_fence":1,"minecraft:birch_planks":64,"minecraft:cobblestone_wall":1,"minecraft:stripped_birch_log":134,"minecraft:lantern":5,"minecraft:oak_wood":1,"minecraft:oak_sign":1,"minecraft:smooth_stone":4,"minecraft:birch_wood":477,"minecraft:spruce_slab":1}},"DataVersion":3465}