{"stats":{"minecraft:used":{"minecraft:oak_fence":71,"minecraft:oak_sign":4},"minecraft:dropped":{"minecraft:redstone_block":1088},"minecraft:custom":{"minecraft:jump":85,"minecraft:time_since_rest":48319,"minecraft:damage_dealt":10,"minecraft:damage_taken":30,"minecraft:leave_game":27,"minecraft:crouch_one_cm":323,"minecraft:time_since_death":48319,"minecraft:play_time":48319,"minecraft:sprint_one_cm":4813,"minecraft:walk_one_cm":22850,"minecraft:walk_on_water_one_cm":1966,"minecraft:sneak_time":584,"minecraft:total_world_time":48319,"minecraft:walk_under_water_one_cm":3608,"minecraft:fall_one_cm":1107,"minecraft:drop":18,"minecraft:fly_one_cm":81829},"minecraft:picked_up":{"minecraft:redstone_block":1088,"minecraft:oak_sign":1}},"DataVersion":3465}