{"stats":{"minecraft:used":{"minecraft:shroomlight":1,"minecraft:oak_log":46,"minecraft:oak_fence":71,"minecraft:light":6,"minecraft:acacia_sign":2,"minecraft:birch_planks":1,"minecraft:stripped_birch_log":8,"minecraft:oak_planks":12,"minecraft:birch_wood":36,"minecraft:oak_sign":4,"minecraft:chest":2,"minecraft:cherry_planks":66,"minecraft:debug_stick":152,"minecraft:sand":14,"minecraft:spruce_stairs":1,"minecraft:cobblestone_wall":9,"minecraft:gold_block":2,"minecraft:smooth_stone_slab":7,"minecraft:oak_wood":267,"minecraft:stripped_oak_log":2,"minecraft:stone_brick_wall":11,"minecraft:spruce_fence":37,"minecraft:smooth_stone":2},"minecraft:picked_up":{"minecraft:wooden_axe":6,"minecraft:debug_stick":6,"minecraft:redstone_block":1088,"minecraft:spruce_fence":1,"minecraft:birch_planks":64,"minecraft:cobblestone_wall":1,"minecraft:stripped_birch_log":134,"minecraft:oak_wood":1,"minecraft:oak_sign":1,"minecraft:smooth_stone":4,"minecraft:birch_wood":477,"minecraft:spruce_slab":1},"minecraft:dropped":{"minecraft:wooden_axe":1,"minecraft:debug_stick":1,"minecraft:redstone_block":1088},"minecraft:custom":{"minecraft:time_since_rest":27039,"minecraft:sprint_one_cm":63525,"minecraft:damage_taken":30,"minecraft:walk_one_cm":95519,"minecraft:drop":20,"minecraft:damage_dealt":20,"minecraft:fly_one_cm":614362,"minecraft:crouch_one_cm":2137,"minecraft:play_time":150257,"minecraft:deaths":50,"minecraft:sneak_time":1827,"minecraft:walk_under_water_one_cm":14338,"minecraft:jump":308,"minecraft:walk_on_water_one_cm":4000,"minecraft:leave_game":33,"minecraft:time_since_death":27008,"minecraft:total_world_time":150257,"minecraft:fall_one_cm":1318}},"DataVersion":3465}