{"stats":{"minecraft:used":{"minecraft:shroomlight":1,"minecraft:oak_log":152,"minecraft:oak_fence":71,"minecraft:lever":1,"minecraft:light":6,"minecraft:acacia_sign":2,"minecraft:lantern":16,"minecraft:birch_planks":1,"minecraft:stripped_birch_log":65,"minecraft:spruce_slab":87,"minecraft:redstone":17,"minecraft:oak_planks":12,"minecraft:birch_wood":36,"minecraft:oak_sign":4,"minecraft:chest":2,"minecraft:cherry_planks":72,"minecraft:spruce_trapdoor":48,"minecraft:spruce_sign":26,"minecraft:spruce_fence_gate":109,"minecraft:debug_stick":152,"minecraft:dark_oak_trapdoor":7,"minecraft:redstone_lamp":17,"minecraft:sand":14,"minecraft:stripped_dark_oak_log":317,"minecraft:oak_slab":31,"minecraft:spruce_stairs":74,"minecraft:cobblestone_wall":9,"minecraft:campfire":64,"minecraft:andesite":18,"minecraft:gold_block":2,"minecraft:smooth_stone_slab":7,"minecraft:oak_wood":267,"minecraft:stripped_oak_log":152,"minecraft:stone_brick_wall":11,"minecraft:spruce_fence":79,"minecraft:dead_brain_coral_block":35,"minecraft:stripped_spruce_log":22,"minecraft:smooth_stone":2,"minecraft:splash_potion":4},"minecraft:picked_up":{"minecraft:wooden_axe":6,"minecraft:debug_stick":6,"minecraft:redstone_block":1088,"minecraft:spruce_fence":1,"minecraft:birch_planks":64,"minecraft:cobblestone_wall":1,"minecraft:stripped_birch_log":134,"minecraft:oak_wood":1,"minecraft:oak_sign":1,"minecraft:smooth_stone":4,"minecraft:birch_wood":477,"minecraft:spruce_slab":1},"minecraft:dropped":{"minecraft:wooden_axe":1,"minecraft:debug_stick":1,"minecraft:redstone_block":1088},"minecraft:custom":{"minecraft:time_since_rest":86672,"minecraft:sprint_one_cm":82154,"minecraft:damage_taken":30,"minecraft:walk_one_cm":158964,"minecraft:drop":20,"minecraft:damage_dealt":20,"minecraft:fly_one_cm":805639,"minecraft:crouch_one_cm":4728,"minecraft:play_time":209890,"minecraft:deaths":50,"minecraft:sneak_time":3570,"minecraft:walk_under_water_one_cm":14338,"minecraft:jump":371,"minecraft:walk_on_water_one_cm":4000,"minecraft:leave_game":35,"minecraft:time_since_death":86641,"minecraft:total_world_time":209890,"minecraft:fall_one_cm":1318}},"DataVersion":3465}